{
  "images" : [
    {
      "idiom" : "universal",
      "filename" : "Ð¡Ð´Ð²Ð¸Ð½ÑÑÑ Ð²Ð»ÐµÐ²Ð¾ Ð½Ð° ÑÑÐ´ Filled-30.png",
      "scale" : "1x"
    },
    {
      "idiom" : "universal",
      "filename" : "Ð¡Ð´Ð²Ð¸Ð½ÑÑÑ Ð²Ð»ÐµÐ²Ð¾ Ð½Ð° ÑÑÐ´ Filled-60.png",
      "scale" : "2x"
    },
    {
      "idiom" : "universal",
      "filename" : "Ð¡Ð´Ð²Ð¸Ð½ÑÑÑ Ð²Ð»ÐµÐ²Ð¾ Ð½Ð° ÑÑÐ´ Filled-90.png",
      "scale" : "3x"
    }
  ],
  "info" : {
    "version" : 1,
    "author" : "xcode"
  }
}