{
  "images" : [
    {
      "idiom" : "universal",
      "filename" : "ÐÐ¿Ð¾Ð²ÐµÑÐµÐ½Ð¸Ñ Google Filled-30.png",
      "scale" : "1x"
    },
    {
      "idiom" : "universal",
      "filename" : "ÐÐ¿Ð¾Ð²ÐµÑÐµÐ½Ð¸Ñ Google Filled-60.png",
      "scale" : "2x"
    },
    {
      "idiom" : "universal",
      "filename" : "ÐÐ¿Ð¾Ð²ÐµÑÐµÐ½Ð¸Ñ Google Filled-90.png",
      "scale" : "3x"
    }
  ],
  "info" : {
    "version" : 1,
    "author" : "xcode"
  }
}